<?xml version="1.0" encoding="UTF-8"?>
<GenRun Id="impl_1" LaunchPart="xc7a35tcpg236-1" LaunchTime="1677330728">
  <File Type="WBT-USG" Name="usage_statistics_webtalk.html"/>
  <File Type="BG-DRC" Name="top_RCA_8_bit.drc"/>
  <File Type="BG-BGN" Name="top_RCA_8_bit.bgn"/>
  <File Type="BITSTR-SYSDEF" Name="top_RCA_8_bit.sysdef"/>
  <File Type="BITSTR-LTX" Name="debug_nets.ltx"/>
  <File Type="BITSTR-LTX" Name="top_RCA_8_bit.ltx"/>
  <File Type="BITSTR-MMI" Name="top_RCA_8_bit.mmi"/>
  <File Type="BITSTR-BMM" Name="top_RCA_8_bit_bd.bmm"/>
  <File Type="BITSTR-NKY" Name="top_RCA_8_bit.nky"/>
  <File Type="BITSTR-RBT" Name="top_RCA_8_bit.rbt"/>
  <File Type="BITSTR-MSK" Name="top_RCA_8_bit.msk"/>
  <File Type="BG-BIN" Name="top_RCA_8_bit.bin"/>
  <File Type="BG-BIT" Name="top_RCA_8_bit.bit"/>
  <File Type="POSTROUTE-PHYSOPT-BUS-SKEW-RPX" Name="top_RCA_8_bit_bus_skew_postroute_physopted.rpx"/>
  <File Type="POSTROUTE-PHYSOPT-BUS-SKEW-PB" Name="top_RCA_8_bit_bus_skew_postroute_physopted.pb"/>
  <File Type="POSTROUTE-PHYSOPT-BUS-SKEW" Name="top_RCA_8_bit_bus_skew_postroute_physopted.rpt"/>
  <File Type="RDI-RDI" Name="top_RCA_8_bit.vdi"/>
  <File Type="POSTROUTE-PHYSOPT-TIMING-RPX" Name="top_RCA_8_bit_timing_summary_postroute_physopted.rpx"/>
  <File Type="POSTROUTE-PHYSOPT-TIMING-PB" Name="top_RCA_8_bit_timing_summary_postroute_physopted.pb"/>
  <File Type="POSTROUTE-PHYSOPT-TIMING" Name="top_RCA_8_bit_timing_summary_postroute_physopted.rpt"/>
  <File Type="POSTROUTE-PHYSOPT-BLACKBOX-DCP" Name="top_RCA_8_bit_postroute_physopt_bb.dcp"/>
  <File Type="POSTROUTE-PHYSOPT-DCP" Name="top_RCA_8_bit_postroute_physopt.dcp"/>
  <File Type="ROUTE-BUS-SKEW" Name="top_RCA_8_bit_bus_skew_routed.rpt"/>
  <File Type="ROUTE-CLK" Name="top_RCA_8_bit_clock_utilization_routed.rpt"/>
  <File Type="ROUTE-SIMILARITY" Name="top_RCA_8_bit_incremental_reuse_routed.rpt"/>
  <File Type="ROUTE-TIMING-RPX" Name="top_RCA_8_bit_timing_summary_routed.rpx"/>
  <File Type="ROUTE-TIMING-PB" Name="top_RCA_8_bit_timing_summary_routed.pb"/>
  <File Type="ROUTE-TIMINGSUMMARY" Name="top_RCA_8_bit_timing_summary_routed.rpt"/>
  <File Type="ROUTE-STATUS-PB" Name="top_RCA_8_bit_route_status.pb"/>
  <File Type="ROUTE-STATUS" Name="top_RCA_8_bit_route_status.rpt"/>
  <File Type="ROUTE-PWR-RPX" Name="top_RCA_8_bit_power_routed.rpx"/>
  <File Type="ROUTE-PWR-SUM" Name="top_RCA_8_bit_power_summary_routed.pb"/>
  <File Type="ROUTE-PWR" Name="top_RCA_8_bit_power_routed.rpt"/>
  <File Type="ROUTE-METHODOLOGY-DRC-PB" Name="top_RCA_8_bit_methodology_drc_routed.pb"/>
  <File Type="ROUTE-METHODOLOGY-DRC-RPX" Name="top_RCA_8_bit_methodology_drc_routed.rpx"/>
  <File Type="ROUTE-METHODOLOGY-DRC" Name="top_RCA_8_bit_methodology_drc_routed.rpt"/>
  <File Type="ROUTE-DRC-RPX" Name="top_RCA_8_bit_drc_routed.rpx"/>
  <File Type="ROUTE-DRC-PB" Name="top_RCA_8_bit_drc_routed.pb"/>
  <File Type="ROUTE-DRC" Name="top_RCA_8_bit_drc_routed.rpt"/>
  <File Type="ROUTE-BLACKBOX-DCP" Name="top_RCA_8_bit_routed_bb.dcp"/>
  <File Type="ROUTE-DCP" Name="top_RCA_8_bit_routed.dcp"/>
  <File Type="ROUTE-ERROR-DCP" Name="top_RCA_8_bit_routed_error.dcp"/>
  <File Type="PHYSOPT-TIMING" Name="top_RCA_8_bit_timing_summary_physopted.rpt"/>
  <File Type="PHYSOPT-DRC" Name="top_RCA_8_bit_drc_physopted.rpt"/>
  <File Type="PHYSOPT-DCP" Name="top_RCA_8_bit_physopt.dcp"/>
  <File Type="POSTPLACE-PWROPT-TIMING" Name="top_RCA_8_bit_timing_summary_postplace_pwropted.rpt"/>
  <File Type="POSTPLACE-PWROPT-DCP" Name="top_RCA_8_bit_postplace_pwropt.dcp"/>
  <File Type="PLACE-TIMING" Name="top_RCA_8_bit_timing_summary_placed.rpt"/>
  <File Type="PLACE-PRE-SIMILARITY" Name="top_RCA_8_bit_incremental_reuse_pre_placed.rpt"/>
  <File Type="PLACE-SIMILARITY" Name="top_RCA_8_bit_incremental_reuse_placed.rpt"/>
  <File Type="PLACE-CTRL" Name="top_RCA_8_bit_control_sets_placed.rpt"/>
  <File Type="PLACE-UTIL-PB" Name="top_RCA_8_bit_utilization_placed.pb"/>
  <File Type="PLACE-UTIL" Name="top_RCA_8_bit_utilization_placed.rpt"/>
  <File Type="PLACE-CLK" Name="top_RCA_8_bit_clock_utilization_placed.rpt"/>
  <File Type="PLACE-IO" Name="top_RCA_8_bit_io_placed.rpt"/>
  <File Type="PLACE-DCP" Name="top_RCA_8_bit_placed.dcp"/>
  <File Type="PWROPT-TIMING" Name="top_RCA_8_bit_timing_summary_pwropted.rpt"/>
  <File Type="PWROPT-DRC" Name="top_RCA_8_bit_drc_pwropted.rpt"/>
  <File Type="PWROPT-DCP" Name="top_RCA_8_bit_pwropt.dcp"/>
  <File Type="OPT-TIMING" Name="top_RCA_8_bit_timing_summary_opted.rpt"/>
  <File Type="OPT-HWDEF" Name="top_RCA_8_bit.hwdef"/>
  <File Type="OPT-METHODOLOGY-DRC" Name="top_RCA_8_bit_methodology_drc_opted.rpt"/>
  <File Type="OPT-DRC" Name="top_RCA_8_bit_drc_opted.rpt"/>
  <File Type="OPT-DCP" Name="top_RCA_8_bit_opt.dcp"/>
  <File Type="INIT-TIMING" Name="top_RCA_8_bit_timing_summary_init.rpt"/>
  <File Type="ROUTE-BUS-SKEW-RPX" Name="top_RCA_8_bit_bus_skew_routed.rpx"/>
  <File Type="REPORTS-TCL" Name="top_RCA_8_bit_reports.tcl"/>
  <File Type="ROUTE-BUS-SKEW-PB" Name="top_RCA_8_bit_bus_skew_routed.pb"/>
  <File Type="PA-TCL" Name="top_RCA_8_bit.tcl"/>
  <FileSet Name="sources" Type="DesignSrcs" RelSrcDir="$PSRCDIR/sources_1">
    <Filter Type="Srcs"/>
    <File Path="$PPRDIR/../Modules/fulladder.v">
      <FileInfo>
        <Attr Name="UsedIn" Val="synthesis"/>
        <Attr Name="UsedIn" Val="implementation"/>
        <Attr Name="UsedIn" Val="simulation"/>
      </FileInfo>
    </File>
    <File Path="$PPRDIR/../Modules/halfadder.v">
      <FileInfo>
        <Attr Name="UsedIn" Val="synthesis"/>
        <Attr Name="UsedIn" Val="implementation"/>
        <Attr Name="UsedIn" Val="simulation"/>
      </FileInfo>
    </File>
    <File Path="$PPRDIR/../Modules/top_RCA_8_bit.v">
      <FileInfo>
        <Attr Name="UsedIn" Val="synthesis"/>
        <Attr Name="UsedIn" Val="implementation"/>
        <Attr Name="UsedIn" Val="simulation"/>
      </FileInfo>
    </File>
    <File Path="$PPRDIR/../Modules/PGGen.v">
      <FileInfo>
        <Attr Name="UsedIn" Val="synthesis"/>
        <Attr Name="UsedIn" Val="implementation"/>
        <Attr Name="UsedIn" Val="simulation"/>
      </FileInfo>
    </File>
    <File Path="$PPRDIR/../Modules/top_CLA32.v">
      <FileInfo>
        <Attr Name="UsedIn" Val="synthesis"/>
        <Attr Name="UsedIn" Val="implementation"/>
        <Attr Name="UsedIn" Val="simulation"/>
      </FileInfo>
    </File>
    <File Path="$PPRDIR/../Modules/clock_divider.v">
      <FileInfo>
        <Attr Name="UsedIn" Val="synthesis"/>
        <Attr Name="UsedIn" Val="implementation"/>
        <Attr Name="UsedIn" Val="simulation"/>
      </FileInfo>
    </File>
    <File Path="$PPRDIR/../Modules/top_CLA16.v">
      <FileInfo>
        <Attr Name="UsedIn" Val="synthesis"/>
        <Attr Name="UsedIn" Val="implementation"/>
        <Attr Name="UsedIn" Val="simulation"/>
      </FileInfo>
    </File>
    <File Path="$PPRDIR/../Modules/top_CLA8.v">
      <FileInfo>
        <Attr Name="UsedIn" Val="synthesis"/>
        <Attr Name="UsedIn" Val="implementation"/>
        <Attr Name="UsedIn" Val="simulation"/>
      </FileInfo>
    </File>
    <File Path="$PPRDIR/../Modules/top_Moore_0011.v">
      <FileInfo>
        <Attr Name="UsedIn" Val="synthesis"/>
        <Attr Name="UsedIn" Val="implementation"/>
        <Attr Name="UsedIn" Val="simulation"/>
      </FileInfo>
    </File>
    <File Path="$PPRDIR/../Modules/top_array_multiplier.v">
      <FileInfo>
        <Attr Name="UsedIn" Val="synthesis"/>
        <Attr Name="UsedIn" Val="implementation"/>
        <Attr Name="UsedIn" Val="simulation"/>
      </FileInfo>
    </File>
    <File Path="$PPRDIR/../Modules/top_mealy_0011.v">
      <FileInfo>
        <Attr Name="UsedIn" Val="synthesis"/>
        <Attr Name="UsedIn" Val="implementation"/>
        <Attr Name="UsedIn" Val="simulation"/>
      </FileInfo>
    </File>
    <File Path="$PPRDIR/../Modules/top_priority_encoder.v">
      <FileInfo>
        <Attr Name="UsedIn" Val="synthesis"/>
        <Attr Name="UsedIn" Val="implementation"/>
        <Attr Name="UsedIn" Val="simulation"/>
      </FileInfo>
    </File>
    <Config>
      <Option Name="DesignMode" Val="RTL"/>
      <Option Name="TopModule" Val="top_RCA_8_bit"/>
    </Config>
  </FileSet>
  <FileSet Name="constrs_in" Type="Constrs" RelSrcDir="$PSRCDIR/constrs_1">
    <Filter Type="Constrs"/>
    <Config>
      <Option Name="ConstrsType" Val="XDC"/>
    </Config>
  </FileSet>
  <Strategy Version="1" Minor="2">
    <StratHandle Name="Vivado Implementation Defaults" Flow="Vivado Implementation 2018"/>
    <Step Id="init_design"/>
    <Step Id="opt_design"/>
    <Step Id="power_opt_design"/>
    <Step Id="place_design"/>
    <Step Id="post_place_power_opt_design"/>
    <Step Id="phys_opt_design"/>
    <Step Id="route_design"/>
    <Step Id="post_route_phys_opt_design"/>
    <Step Id="write_bitstream"/>
  </Strategy>
</GenRun>
